STATION_ID,LONGITUDE,LATITUDE,bairdi,bkc,ei,hybrid,opilio,rkc,TYPE
A-02,-166.93,55,West 166,BKC Unstratified,Bristol Bay,Single,Single,Bristol Bay,standard
A-03,-166.33,55,West 166,BKC Unstratified,Bristol Bay,Single,Single,Bristol Bay,standard
A-04,-165.75,55,East 166,BKC Unstratified,Bristol Bay,Single,Single,Bristol Bay,standard
A-05,-165.15,55,East 166,BKC Unstratified,Bristol Bay,Single,Single,Bristol Bay,standard
A-06,-164.58,55,East 166,BKC Unstratified,Bristol Bay,Single,Single,Bristol Bay,standard
AZ0405,-165.52,54.83,East 166,BKC Unstratified,Bristol Bay,Single,Single,Bristol Bay,misc
B-01,-167.55,55.33,West 166,BKC Unstratified,Bristol Bay,Single,Single,Bristol Bay,standard
B-02,-166.97,55.33,West 166,BKC Unstratified,Bristol Bay,Single,Single,Bristol Bay,standard
B-03,-166.35,55.33,West 166,BKC Unstratified,Bristol Bay,Single,Single,Bristol Bay,standard
B-04,-165.78,55.33,East 166,BKC Unstratified,Bristol Bay,Single,Single,Bristol Bay,standard
B-05,-165.17,55.33,East 166,BKC Unstratified,Bristol Bay,Single,Single,Bristol Bay,standard
B-06,-164.58,55.33,East 166,BKC Unstratified,Bristol Bay,Single,Single,Bristol Bay,standard
B-07,-164,55.33,East 166,BKC Unstratified,Bristol Bay,Single,Single,Bristol Bay,standard
B-08,-163.42,55.33,East 166,BKC Unstratified,Bristol Bay,Single,Single,Bristol Bay,standard
C-01,-167.58,55.67,West 166,Pribilof Single,Bristol Bay,Single,Single,Bristol Bay,standard
C-02,-166.98,55.67,West 166,BKC Unstratified,Bristol Bay,Single,Single,Bristol Bay,standard
C-03,-166.38,55.67,West 166,BKC Unstratified,Bristol Bay,Single,Single,Bristol Bay,standard
C-04,-165.8,55.67,East 166,BKC Unstratified,Bristol Bay,Single,Single,Bristol Bay,standard
C-05,-165.17,55.67,East 166,BKC Unstratified,Bristol Bay,Single,Single,Bristol Bay,standard
C-06,-164.58,55.67,East 166,BKC Unstratified,Bristol Bay,Single,Single,Bristol Bay,standard
C-07,-164,55.67,East 166,BKC Unstratified,Bristol Bay,Single,Single,Bristol Bay,standard
C-08,-163.4,55.67,East 166,BKC Unstratified,Bristol Bay,Single,Single,Bristol Bay,standard
C-09,-162.83,55.67,East 166,BKC Unstratified,Bristol Bay,Single,Single,Bristol Bay,standard
C-18,-168.18,55.67,West 166,Pribilof Single,Pribilof Single,Single,Single,Pribilof Single,standard
D-01,-167.62,56,West 166,Pribilof Single,Bristol Bay,Single,Single,Bristol Bay,standard
D-02,-167,56,West 166,BKC Unstratified,Bristol Bay,Single,Single,Bristol Bay,standard
D-03,-166.4,56,West 166,BKC Unstratified,Bristol Bay,Single,Single,Bristol Bay,standard
D-04,-165.78,56,East 166,BKC Unstratified,Bristol Bay,Single,Single,Bristol Bay,standard
D-05,-165.18,56,East 166,BKC Unstratified,Bristol Bay,Single,Single,Bristol Bay,standard
D-06,-164.58,56,East 166,BKC Unstratified,Bristol Bay,Single,Single,Bristol Bay,standard
D-07,-164,56,East 166,BKC Unstratified,Bristol Bay,Single,Single,Bristol Bay,standard
D-08,-163.4,56,East 166,BKC Unstratified,Bristol Bay,Single,Single,Bristol Bay,standard
D-09,-162.82,56,East 166,BKC Unstratified,Bristol Bay,Single,Single,Bristol Bay,standard
D-10,-162.23,56,East 166,BKC Unstratified,Bristol Bay,Single,Single,Bristol Bay,standard
D-18,-168.22,56,West 166,Pribilof Single,Pribilof Single,Single,Single,Pribilof Single,standard
E-01,-167.65,56.33,West 166,Pribilof Single,Bristol Bay,Single,Single,Bristol Bay,standard
E-02,-167.03,56.33,West 166,BKC Unstratified,Bristol Bay,Single,Single,Bristol Bay,standard
E-03,-166.42,56.33,West 166,BKC Unstratified,Bristol Bay,Single,Single,Bristol Bay,standard
E-04,-165.8,56.33,East 166,BKC Unstratified,Bristol Bay,Single,Single,Bristol Bay,standard
E-05,-165.2,56.33,East 166,BKC Unstratified,Bristol Bay,Single,Single,Bristol Bay,standard
E-06,-164.58,56.33,East 166,BKC Unstratified,Bristol Bay,Single,Single,Bristol Bay,standard
E-07,-164,56.33,East 166,BKC Unstratified,Bristol Bay,Single,Single,Bristol Bay,standard
E-08,-163.4,56.33,East 166,BKC Unstratified,Bristol Bay,Single,Single,Bristol Bay,standard
E-09,-162.8,56.33,East 166,BKC Unstratified,Bristol Bay,Single,Single,Bristol Bay,standard
E-10,-162.2,56.33,East 166,BKC Unstratified,Bristol Bay,Single,Single,Bristol Bay,standard
E-11,-161.62,56.33,East 166,BKC Unstratified,Bristol Bay,Single,Single,Bristol Bay,standard
E-12,-161,56.33,East 166,BKC Unstratified,Bristol Bay,Single,Single,Bristol Bay,standard
E-18,-168.25,56.33,West 166,Pribilof Single,Pribilof Single,Single,Single,Pribilof Single,standard
E-19,-168.87,56.33,West 166,Pribilof Single,Pribilof Single,Single,Single,Pribilof Single,standard
E-20,-169.47,56.33,West 166,Pribilof Single,Pribilof Single,Single,Single,Pribilof Single,standard
E-21,-170.07,56.33,West 166,Pribilof Single,Pribilof Single,Single,Single,Pribilof Single,standard
E-22,-170.68,56.33,West 166,Pribilof Single,Pribilof Single,Single,Single,Pribilof Single,standard
F-01,-167.67,56.67,West 166,Pribilof Single,Bristol Bay,Single,Single,Bristol Bay,standard
F-02,-167.07,56.67,West 166,BKC Unstratified,Bristol Bay,Single,Single,Bristol Bay,standard
F-03,-166.43,56.67,West 166,BKC Unstratified,Bristol Bay,Single,Single,Bristol Bay,standard
F-04,-165.83,56.67,East 166,BKC Unstratified,Bristol Bay,Single,Single,Bristol Bay,standard
F-05,-165.22,56.67,East 166,BKC Unstratified,Bristol Bay,Single,Single,Bristol Bay,standard
F-06,-164.6,56.67,East 166,BKC Unstratified,Bristol Bay,Single,Single,Bristol Bay,standard
F-07,-164,56.67,East 166,BKC Unstratified,Bristol Bay,Single,Single,Bristol Bay,standard
F-08,-163.38,56.67,East 166,BKC Unstratified,Bristol Bay,Single,Single,Bristol Bay,standard
F-09,-162.78,56.67,East 166,BKC Unstratified,Bristol Bay,Single,Single,Bristol Bay,standard
F-10,-162.18,56.67,East 166,BKC Unstratified,Bristol Bay,Single,Single,Bristol Bay,standard
F-11,-161.58,56.67,East 166,BKC Unstratified,Bristol Bay,Single,Single,Bristol Bay,standard
F-12,-160.98,56.67,East 166,BKC Unstratified,Bristol Bay,Single,Single,Bristol Bay,standard
F-13,-160.37,56.67,East 166,BKC Unstratified,Bristol Bay,Single,Single,Bristol Bay,standard
F-14,-159.75,56.67,East 166,BKC Unstratified,Bristol Bay,Single,Single,Bristol Bay,standard
F-18,-168.28,56.67,Pribilof MTCA,Pribilof MTCA,Pribilof MTCA,Pribilof MTCA,Pribilof MTCA,Pribilof MTCA,standard
F-19,-168.9,56.67,Pribilof MTCA,Pribilof MTCA,Pribilof MTCA,Pribilof MTCA,Pribilof MTCA,Pribilof MTCA,standard
F-20,-169.5,56.67,Pribilof MTCA,Pribilof MTCA,Pribilof MTCA,Pribilof MTCA,Pribilof MTCA,Pribilof MTCA,standard
F-21,-170.12,56.67,Pribilof MTCA,Pribilof MTCA,Pribilof MTCA,Pribilof MTCA,Pribilof MTCA,Pribilof MTCA,standard
F-22,-170.73,56.67,Pribilof MTCA,Pribilof MTCA,Pribilof MTCA,Pribilof MTCA,Pribilof MTCA,Pribilof MTCA,standard
F-23,-171.35,56.67,West 166,Pribilof Single,Pribilof Single,Single,Single,Pribilof Single,standard
F-24,-171.97,56.67,West 166,Pribilof Single,Pribilof Single,Single,Single,Pribilof Single,standard
F-25,-172.57,56.67,West 166,Pribilof Single,Pribilof Single,Single,Single,Pribilof Single,standard
FE2120,-169.82,56.5,West 166,Pribilof Single,Pribilof Single,Single,Single,Pribilof Single,misc
FE2221,-170.43,56.5,West 166,Pribilof Single,Pribilof Single,Single,Single,Pribilof Single,misc
G-01,-167.7,57,West 166,Pribilof Single,Bristol Bay,Single,Single,Bristol Bay,standard
G-02,-167.08,57,West 166,BKC Unstratified,Bristol Bay,Single,Single,Bristol Bay,standard
G-03,-166.47,57,West 166,BKC Unstratified,Bristol Bay,Single,Single,Bristol Bay,standard
G-04,-165.85,57,East 166,BKC Unstratified,Bristol Bay,Single,Single,Bristol Bay,standard
G-05,-165.22,57,East 166,BKC Unstratified,Bristol Bay,Single,Single,Bristol Bay,standard
G-06,-164.6,57,East 166,BKC Unstratified,Bristol Bay,Single,Single,Bristol Bay,standard
G-07,-164,57,East 166,BKC Unstratified,Bristol Bay,Single,Single,Bristol Bay,standard
G-08,-163.38,57,East 166,BKC Unstratified,Bristol Bay,Single,Single,Bristol Bay,standard
G-09,-162.78,57,East 166,BKC Unstratified,Bristol Bay,Single,Single,Bristol Bay,standard
G-10,-162.17,57,East 166,BKC Unstratified,Bristol Bay,Single,Single,Bristol Bay,standard
G-11,-161.57,57,East 166,BKC Unstratified,Bristol Bay,Single,Single,Bristol Bay,standard
G-12,-160.95,57,East 166,BKC Unstratified,Bristol Bay,Single,Single,Bristol Bay,standard
G-13,-160.33,57,East 166,BKC Unstratified,Bristol Bay,Single,Single,Bristol Bay,standard
G-14,-159.72,57,East 166,BKC Unstratified,Bristol Bay,Single,Single,Bristol Bay,standard
G-15,-159.12,57,East 166,BKC Unstratified,Bristol Bay,Single,Single,Bristol Bay,standard
G-18,-168.33,57,Pribilof MTCA,Pribilof MTCA,Pribilof MTCA,Pribilof MTCA,Pribilof MTCA,Pribilof MTCA,standard
G-19,-168.95,57,Pribilof MTCA,Pribilof MTCA,Pribilof MTCA,Pribilof MTCA,Pribilof MTCA,Pribilof MTCA,standard
G-20,-169.55,57,Pribilof MTCA,Pribilof MTCA,Pribilof MTCA,Pribilof MTCA,Pribilof MTCA,Pribilof MTCA,standard
G-21,-170.17,57,Pribilof MTCA,Pribilof MTCA,Pribilof MTCA,Pribilof MTCA,Pribilof MTCA,Pribilof MTCA,standard
G-22,-170.78,57,Pribilof MTCA,Pribilof MTCA,Pribilof MTCA,Pribilof MTCA,Pribilof MTCA,Pribilof MTCA,standard
G-23,-171.4,57,West 166,Pribilof Single,Pribilof Single,Single,Single,Pribilof Single,standard
G-24,-172.03,57,West 166,Pribilof Single,Pribilof Single,Single,Single,Pribilof Single,standard
G-25,-172.65,57,West 166,Pribilof Single,Pribilof Single,Single,Single,Pribilof Single,standard
G-26,-173.25,57,West 166,Pribilof Single,Pribilof Single,Single,Single,Pribilof Single,standard
GF1918,-168.62,56.83,Pribilof MTCA,Pribilof MTCA,Pribilof MTCA,Pribilof MTCA,Pribilof MTCA,Pribilof MTCA,corner
GF2019,-169.3,56.83,Pribilof MTCA,Pribilof MTCA,Pribilof MTCA,Pribilof MTCA,Pribilof MTCA,Pribilof MTCA,corner
GF2120,-169.9,56.83,Pribilof MTCA,Pribilof MTCA,Pribilof MTCA,Pribilof MTCA,Pribilof MTCA,Pribilof MTCA,corner
GF2221,-170.48,56.83,Pribilof MTCA,Pribilof MTCA,Pribilof MTCA,Pribilof MTCA,Pribilof MTCA,Pribilof MTCA,corner
GF2322,-171.1,56.83,West 166,Pribilof Single,Pribilof Single,Single,Single,Pribilof Single,misc
GF2423,-171.75,56.83,West 166,Pribilof Single,Pribilof Single,Single,Single,Pribilof Single,misc
GF2524,-172.33,56.83,West 166,Pribilof Single,Pribilof Single,Single,Single,Pribilof Single,misc
H-01,-167.73,57.33,West 166,Pribilof Single,Bristol Bay,Single,Single,Bristol Bay,standard
H-02,-167.12,57.33,West 166,BKC Unstratified,Bristol Bay,Single,Single,Bristol Bay,standard
H-03,-166.48,57.33,West 166,BKC Unstratified,Bristol Bay,Single,Single,Bristol Bay,standard
H-04,-165.87,57.33,East 166,BKC Unstratified,Bristol Bay,Single,Single,Bristol Bay,standard
H-05,-165.23,57.33,East 166,BKC Unstratified,Bristol Bay,Single,Single,Bristol Bay,standard
H-06,-164.62,57.33,East 166,BKC Unstratified,Bristol Bay,Single,Single,Bristol Bay,standard
H-07,-164,57.33,East 166,BKC Unstratified,Bristol Bay,Single,Single,Bristol Bay,standard
H-08,-163.38,57.33,East 166,BKC Unstratified,Bristol Bay,Single,Single,Bristol Bay,standard
H-09,-162.77,57.33,East 166,BKC Unstratified,Bristol Bay,Single,Single,Bristol Bay,standard
H-10,-162.15,57.33,East 166,BKC Unstratified,Bristol Bay,Single,Single,Bristol Bay,standard
H-11,-161.53,57.33,East 166,BKC Unstratified,Bristol Bay,Single,Single,Bristol Bay,standard
H-12,-160.93,57.33,East 166,BKC Unstratified,Bristol Bay,Single,Single,Bristol Bay,standard
H-13,-160.3,57.33,East 166,BKC Unstratified,Bristol Bay,Single,Single,Bristol Bay,standard
H-14,-159.67,57.33,East 166,BKC Unstratified,Bristol Bay,Single,Single,Bristol Bay,standard
H-15,-159.07,57.33,East 166,BKC Unstratified,Bristol Bay,Single,Single,Bristol Bay,standard
H-16,-158.4,57.33,East 166,BKC Unstratified,Bristol Bay,Single,Single,Bristol Bay,standard
H-18,-168.37,57.33,Pribilof MTCA,Pribilof MTCA,Pribilof MTCA,Pribilof MTCA,Pribilof MTCA,Pribilof MTCA,standard
H-19,-168.98,57.33,Pribilof MTCA,Pribilof MTCA,Pribilof MTCA,Pribilof MTCA,Pribilof MTCA,Pribilof MTCA,standard
H-20,-169.6,57.33,Pribilof MTCA,Pribilof MTCA,Pribilof MTCA,Pribilof MTCA,Pribilof MTCA,Pribilof MTCA,standard
H-21,-170.22,57.33,Pribilof MTCA,Pribilof MTCA,Pribilof MTCA,Pribilof MTCA,Pribilof MTCA,Pribilof MTCA,standard
H-22,-170.85,57.33,Pribilof MTCA,Pribilof MTCA,Pribilof MTCA,Pribilof MTCA,Pribilof MTCA,Pribilof MTCA,standard
H-23,-171.47,57.33,West 166,Pribilof Single,Pribilof Single,Single,Single,Pribilof Single,standard
H-24,-172.1,57.33,West 166,Pribilof Single,Pribilof Single,Single,Single,Pribilof Single,standard
H-25,-172.72,57.33,West 166,Pribilof Single,Pribilof Single,Single,Single,Pribilof Single,standard
H-26,-173.33,57.33,West 166,Pribilof Single,Pribilof Single,Single,Single,Pribilof Single,standard
HG1918,-168.63,57.17,Pribilof MTCA,Pribilof MTCA,Pribilof MTCA,Pribilof MTCA,Pribilof MTCA,Pribilof MTCA,corner
HG2019,-169.32,57.17,Pribilof MTCA,Pribilof MTCA,Pribilof MTCA,Pribilof MTCA,Pribilof MTCA,Pribilof MTCA,corner
HG2120,-169.9,57.17,Pribilof MTCA,Pribilof MTCA,Pribilof MTCA,Pribilof MTCA,Pribilof MTCA,Pribilof MTCA,corner
HG2221,-170.48,57.17,Pribilof MTCA,Pribilof MTCA,Pribilof MTCA,Pribilof MTCA,Pribilof MTCA,Pribilof MTCA,corner
HG2322,-171.17,57.17,West 166,Pribilof Single,Pribilof Single,Single,Single,Pribilof Single,misc
HG2423,-171.8,57.17,West 166,Pribilof Single,Pribilof Single,Single,Single,Pribilof Single,misc
HG2524,-172.42,57.17,West 166,Pribilof Single,Pribilof Single,Single,Single,Pribilof Single,misc
HG2625,-173.02,57.17,West 166,Pribilof Single,Pribilof Single,Single,Single,Pribilof Single,misc
I-01,-167.77,57.67,West 166,Pribilof Single,Bristol Bay,Single,Single,Bristol Bay,standard
I-02,-167.13,57.67,West 166,BKC Unstratified,Bristol Bay,Single,Single,Bristol Bay,standard
I-03,-166.5,57.67,West 166,BKC Unstratified,Bristol Bay,Single,Single,Bristol Bay,standard
I-04,-165.88,57.67,East 166,BKC Unstratified,Bristol Bay,Single,Single,Bristol Bay,standard
I-05,-165.25,57.67,East 166,BKC Unstratified,Bristol Bay,Single,Single,Bristol Bay,standard
I-06,-164.62,57.67,East 166,BKC Unstratified,Bristol Bay,Single,Single,Bristol Bay,standard
I-07,-164,57.67,East 166,BKC Unstratified,Bristol Bay,Single,Single,Bristol Bay,standard
I-08,-163.37,57.67,East 166,BKC Unstratified,Bristol Bay,Single,Single,Bristol Bay,standard
I-09,-162.75,57.67,East 166,BKC Unstratified,Bristol Bay,Single,Single,Bristol Bay,standard
I-10,-162.13,57.67,East 166,BKC Unstratified,Bristol Bay,Single,Single,Bristol Bay,standard
I-11,-161.5,57.67,East 166,BKC Unstratified,Bristol Bay,Single,Single,Bristol Bay,standard
I-12,-160.88,57.67,East 166,BKC Unstratified,Bristol Bay,Single,Single,Bristol Bay,standard
I-13,-160.27,57.67,East 166,BKC Unstratified,Bristol Bay,Single,Single,Bristol Bay,standard
I-14,-159.63,57.67,East 166,BKC Unstratified,Bristol Bay,Single,Single,Bristol Bay,standard
I-15,-159.02,57.67,East 166,BKC Unstratified,Bristol Bay,Single,Single,Bristol Bay,standard
I-16,-158.35,57.67,East 166,BKC Unstratified,Bristol Bay,Single,Single,Bristol Bay,standard
I-18,-168.4,57.67,Pribilof MTCA,Pribilof MTCA,Pribilof MTCA,Pribilof MTCA,Pribilof MTCA,Pribilof MTCA,standard
I-19,-169.03,57.67,Pribilof MTCA,Pribilof MTCA,Pribilof MTCA,Pribilof MTCA,Pribilof MTCA,Pribilof MTCA,standard
I-20,-169.65,57.67,Pribilof MTCA,Pribilof MTCA,Pribilof MTCA,Pribilof MTCA,Pribilof MTCA,Pribilof MTCA,standard
I-21,-170.27,57.67,Pribilof MTCA,Pribilof MTCA,Pribilof MTCA,Pribilof MTCA,Pribilof MTCA,Pribilof MTCA,standard
I-22,-170.9,57.67,Pribilof MTCA,Pribilof MTCA,Pribilof MTCA,Pribilof MTCA,Pribilof MTCA,Pribilof MTCA,standard
I-23,-171.53,57.67,West 166,Pribilof Single,Pribilof Single,Single,Single,Pribilof Single,standard
I-24,-172.17,57.67,West 166,Pribilof Single,Pribilof Single,Single,Single,Pribilof Single,standard
I-25,-172.8,57.67,West 166,Pribilof Single,Pribilof Single,Single,Single,Pribilof Single,standard
I-26,-173.4,57.67,West 166,Pribilof Single,Pribilof Single,Single,Single,Pribilof Single,standard
IH1918,-168.75,57.5,Pribilof MTCA,Pribilof MTCA,Pribilof MTCA,Pribilof MTCA,Pribilof MTCA,Pribilof MTCA,corner
IH2019,-169.37,57.5,Pribilof MTCA,Pribilof MTCA,Pribilof MTCA,Pribilof MTCA,Pribilof MTCA,Pribilof MTCA,corner
IH2120,-169.98,57.5,Pribilof MTCA,Pribilof MTCA,Pribilof MTCA,Pribilof MTCA,Pribilof MTCA,Pribilof MTCA,corner
IH2221,-170.58,57.5,Pribilof MTCA,Pribilof MTCA,Pribilof MTCA,Pribilof MTCA,Pribilof MTCA,Pribilof MTCA,corner
IH2322,-171.2,57.5,West 166,Pribilof Single,Pribilof Single,Single,Single,Pribilof Single,misc
IH2423,-171.88,57.5,West 166,Pribilof Single,Pribilof Single,Single,Single,Pribilof Single,misc
IH2524,-172.48,57.5,West 166,Pribilof Single,Pribilof Single,Single,Single,Pribilof Single,misc
IH2625,-173.05,57.5,West 166,Pribilof Single,Pribilof Single,Single,Single,Pribilof Single,misc
IH2726,-173.68,57.5,West 166,Pribilof Single,Pribilof Single,Single,Single,Pribilof Single,misc
J-01,-167.8,58,West 166,Pribilof Single,Bristol Bay,Single,Single,Bristol Bay,standard
J-02,-167.17,58,West 166,BKC Unstratified,Bristol Bay,Single,Single,Bristol Bay,standard
J-03,-166.52,58,West 166,BKC Unstratified,Bristol Bay,Single,Single,Bristol Bay,standard
J-04,-165.9,58,East 166,BKC Unstratified,Bristol Bay,Single,Single,Bristol Bay,standard
J-05,-165.25,58,East 166,BKC Unstratified,Bristol Bay,Single,Single,Bristol Bay,standard
J-06,-164.62,58,East 166,BKC Unstratified,Bristol Bay,Single,Single,Bristol Bay,standard
J-07,-164,58,East 166,BKC Unstratified,Bristol Bay,Single,Single,Bristol Bay,standard
J-08,-163.37,58,East 166,BKC Unstratified,Bristol Bay,Single,Single,Bristol Bay,standard
J-09,-162.75,58,East 166,BKC Unstratified,Bristol Bay,Single,Single,Bristol Bay,standard
J-10,-162.12,58,East 166,BKC Unstratified,Bristol Bay,Single,Single,Bristol Bay,standard
J-11,-161.48,58,East 166,BKC Unstratified,Bristol Bay,Single,Single,Bristol Bay,standard
J-12,-160.85,58,East 166,BKC Unstratified,Bristol Bay,Single,Single,Bristol Bay,standard
J-13,-160.22,58,East 166,BKC Unstratified,Bristol Bay,Single,Single,Bristol Bay,standard
J-14,-159.6,58,East 166,BKC Unstratified,Bristol Bay,Single,Single,Bristol Bay,standard
J-15,-158.97,58,East 166,BKC Unstratified,Bristol Bay,Single,Single,Bristol Bay,standard
J-16,-158.32,58,East 166,BKC Unstratified,Bristol Bay,Single,Single,Bristol Bay,standard
J-18,-168.43,58,Pribilof MTCA,Pribilof MTCA,Pribilof MTCA,Pribilof MTCA,Pribilof MTCA,Pribilof MTCA,standard
J-19,-169.07,58,Pribilof MTCA,Pribilof MTCA,Pribilof MTCA,Pribilof MTCA,Pribilof MTCA,Pribilof MTCA,standard
J-20,-169.7,58,Pribilof MTCA,Pribilof MTCA,Pribilof MTCA,Pribilof MTCA,Pribilof MTCA,Pribilof MTCA,standard
J-21,-170.33,58,Pribilof MTCA,Pribilof MTCA,Pribilof MTCA,Pribilof MTCA,Pribilof MTCA,Pribilof MTCA,standard
J-22,-170.97,58,Pribilof MTCA,Pribilof MTCA,Pribilof MTCA,Pribilof MTCA,Pribilof MTCA,Pribilof MTCA,standard
J-23,-171.6,58,West 166,Pribilof Single,Pribilof Single,Single,Single,Pribilof Single,standard
J-24,-172.23,58,West 166,Pribilof Single,Pribilof Single,Single,Single,Pribilof Single,standard
J-25,-172.87,58,West 166,Pribilof Single,Pribilof Single,Single,Single,Pribilof Single,standard
J-26,-173.48,58,West 166,Pribilof Single,Pribilof Single,Single,Single,Pribilof Single,standard
JI1918,-168.73,57.83,Pribilof MTCA,Pribilof MTCA,Pribilof MTCA,Pribilof MTCA,Pribilof MTCA,Pribilof MTCA,corner
JI2019,-169.37,57.83,Pribilof MTCA,Pribilof MTCA,Pribilof MTCA,Pribilof MTCA,Pribilof MTCA,Pribilof MTCA,corner
JI2120,-169.98,57.83,Pribilof MTCA,Pribilof MTCA,Pribilof MTCA,Pribilof MTCA,Pribilof MTCA,Pribilof MTCA,corner
JI2221,-170.62,57.83,Pribilof MTCA,Pribilof MTCA,Pribilof MTCA,Pribilof MTCA,Pribilof MTCA,Pribilof MTCA,corner
JI2322,-171.27,57.83,West 166,Pribilof Single,Pribilof Single,Single,Single,Pribilof Single,misc
JI2423,-171.95,57.83,West 166,Pribilof Single,Pribilof Single,Single,Single,Pribilof Single,misc
JI2524,-172.55,57.83,West 166,Pribilof Single,Pribilof Single,Single,Single,Pribilof Single,misc
JI2625,-173.15,57.83,West 166,Pribilof Single,Pribilof Single,Single,Single,Pribilof Single,misc
K-01,-167.83,58.33,West 166,Pribilof Single,Bristol Bay,Single,Single,Bristol Bay,standard
K-02,-167.18,58.33,West 166,BKC Unstratified,Bristol Bay,Single,Single,Bristol Bay,standard
K-03,-166.55,58.33,West 166,BKC Unstratified,Bristol Bay,Single,Single,Bristol Bay,standard
K-04,-165.92,58.33,East 166,BKC Unstratified,Bristol Bay,Single,Single,Bristol Bay,standard
K-05,-165.28,58.33,East 166,BKC Unstratified,Bristol Bay,Single,Single,Bristol Bay,standard
K-06,-164.63,58.33,East 166,BKC Unstratified,Bristol Bay,Single,Single,Bristol Bay,standard
K-07,-164,58.33,East 166,BKC Unstratified,Bristol Bay,Single,Single,Bristol Bay,standard
K-08,-163.37,58.33,East 166,BKC Unstratified,Bristol Bay,Single,Single,Bristol Bay,standard
K-09,-162.72,58.33,East 166,BKC Unstratified,Bristol Bay,Single,Single,Bristol Bay,standard
K-10,-162.05,58.33,East 166,BKC Unstratified,Bristol Bay,Single,Single,Bristol Bay,standard
K-11,-161.4,58.33,East 166,BKC Unstratified,Bristol Bay,Single,Single,Bristol Bay,standard
K-12,-160.75,58.33,East 166,BKC Unstratified,Bristol Bay,Single,Single,Bristol Bay,standard
K-13,-160.18,58.33,East 166,BKC Unstratified,Bristol Bay,Single,Single,Bristol Bay,standard
K-14,-159.55,58.33,East 166,BKC Unstratified,Bristol Bay,Single,Single,Bristol Bay,standard
K-18,-168.47,58.33,West 166,Pribilof Single,Pribilof Single,Single,Single,Pribilof Single,standard
K-19,-169.12,58.33,West 166,Pribilof Single,Pribilof Single,Single,Single,Pribilof Single,standard
K-20,-169.73,58.33,West 166,Pribilof Single,Pribilof Single,Single,Single,Pribilof Single,standard
K-21,-170.38,58.33,West 166,Pribilof Single,Pribilof Single,Single,Single,Pribilof Single,standard
K-22,-171.02,58.33,West 166,Pribilof Single,Pribilof Single,Single,Single,Pribilof Single,standard
K-23,-171.65,58.33,West 166,Pribilof Single,Pribilof Single,Single,Single,Pribilof Single,standard
K-24,-172.3,58.33,West 166,Pribilof Single,Pribilof Single,Single,Single,Pribilof Single,standard
K-25,-172.93,58.33,West 166,Pribilof Single,Pribilof Single,Single,Single,Pribilof Single,standard
K-26,-173.57,58.33,West 166,Pribilof Single,Pribilof Single,Single,Single,Pribilof Single,standard
K-27,-174.32,58.33,West 166,Pribilof Single,Pribilof Single,Single,Single,Pribilof Single,standard
KJ2322,-171.3,58.17,West 166,Pribilof Single,Pribilof Single,Single,Single,Pribilof Single,misc
KJ2423,-172,58.17,West 166,Pribilof Single,Pribilof Single,Single,Single,Pribilof Single,misc
KJ2524,-172.6,58.17,West 166,Pribilof Single,Pribilof Single,Single,Single,Pribilof Single,misc
KJ2625,-173.32,58.17,West 166,Pribilof Single,Pribilof Single,Single,Single,Pribilof Single,misc
KJ2726,-173.85,58.17,West 166,Pribilof Single,Pribilof Single,Single,Single,Pribilof Single,misc
L-01,-167.87,58.67,West 166,BKC Unstratified,Northern Unstratified,Single,Single,Northern Unstratified,standard
L-02,-167.22,58.67,West 166,BKC Unstratified,Northern Unstratified,Single,Single,Northern Unstratified,standard
L-03,-166.57,58.67,West 166,BKC Unstratified,Northern Unstratified,Single,Single,Northern Unstratified,standard
L-04,-165.93,58.67,East 166,BKC Unstratified,Northern Unstratified,Single,Single,Northern Unstratified,standard
L-05,-165.3,58.67,East 166,BKC Unstratified,Northern Unstratified,Single,Single,Northern Unstratified,standard
L-06,-164.65,58.67,East 166,BKC Unstratified,Northern Unstratified,Single,Single,Northern Unstratified,standard
L-07,-164,58.67,East 166,BKC Unstratified,Northern Unstratified,Single,Single,Northern Unstratified,standard
L-08,-163.35,58.67,East 166,BKC Unstratified,Northern Unstratified,Single,Single,Northern Unstratified,standard
L-09,-162.7,58.67,East 166,BKC Unstratified,Northern Unstratified,Single,Single,Northern Unstratified,standard
L-18,-168.5,58.67,West 166,BKC Unstratified,Northern Unstratified,Single,Single,Northern Unstratified,standard
L-19,-169.15,58.67,West 166,BKC Unstratified,Northern Unstratified,Single,Single,Northern Unstratified,standard
L-20,-169.78,58.67,West 166,BKC Unstratified,Northern Unstratified,Single,Single,Northern Unstratified,standard
L-21,-170.43,58.67,West 166,BKC Unstratified,Northern Unstratified,Single,Single,Northern Unstratified,standard
L-22,-171.08,58.67,West 166,BKC Unstratified,Northern Unstratified,Single,Single,Northern Unstratified,standard
L-23,-171.72,58.67,West 166,BKC Unstratified,Northern Unstratified,Single,Single,Northern Unstratified,standard
L-24,-172.37,58.67,West 166,BKC Unstratified,Northern Unstratified,Single,Single,Northern Unstratified,standard
L-25,-173,58.67,West 166,BKC Unstratified,Northern Unstratified,Single,Single,Northern Unstratified,standard
L-26,-173.63,58.67,West 166,BKC Unstratified,Northern Unstratified,Single,Single,Northern Unstratified,standard
L-27,-174.27,58.67,West 166,BKC Unstratified,Northern Unstratified,Single,Single,Northern Unstratified,standard
L-28,-174.9,58.67,West 166,BKC Unstratified,Northern Unstratified,Single,Single,Northern Unstratified,standard
L-29,-175.55,58.67,West 166,BKC Unstratified,Northern Unstratified,Single,Single,Northern Unstratified,standard
L-30,-176.2,58.67,West 166,BKC Unstratified,Northern Unstratified,Single,Single,Northern Unstratified,standard
L-31,-176.83,58.67,West 166,BKC Unstratified,Northern Unstratified,Single,Single,Northern Unstratified,standard
LK2423,-172.03,58.5,West 166,BKC Unstratified,Northern Unstratified,Single,Single,Northern Unstratified,misc
LK2524,-172.68,58.5,West 166,BKC Unstratified,Northern Unstratified,Single,Single,Northern Unstratified,misc
LK2625,-173.3,58.5,West 166,Pribilof Single,Pribilof Single,Single,Single,Pribilof Single,misc
LK2726,-173.93,58.5,West 166,Pribilof Single,Pribilof Single,Single,Single,Pribilof Single,misc
M-01,-167.88,59,West 166,BKC Unstratified,Northern Unstratified,Single,Single,Northern Unstratified,standard
M-02,-167.23,59,West 166,BKC Unstratified,Northern Unstratified,Single,Single,Northern Unstratified,standard
M-03,-166.58,59,West 166,BKC Unstratified,Northern Unstratified,Single,Single,Northern Unstratified,standard
M-04,-165.93,59,East 166,BKC Unstratified,Northern Unstratified,Single,Single,Northern Unstratified,standard
M-05,-165.3,59,East 166,BKC Unstratified,Northern Unstratified,Single,Single,Northern Unstratified,standard
M-06,-164.65,59,East 166,BKC Unstratified,Northern Unstratified,Single,Single,Northern Unstratified,standard
M-07,-164,59,East 166,BKC Unstratified,Northern Unstratified,Single,Single,Northern Unstratified,standard
M-08,-163.35,59,East 166,BKC Unstratified,Northern Unstratified,Single,Single,Northern Unstratified,standard
M-18,-168.53,59,West 166,BKC Unstratified,Northern Unstratified,Single,Single,Northern Unstratified,standard
M-19,-169.18,59,West 166,BKC Unstratified,Northern Unstratified,Single,Single,Northern Unstratified,standard
M-20,-169.83,59,West 166,BKC Unstratified,Northern Unstratified,Single,Single,Northern Unstratified,standard
M-21,-170.48,59,West 166,BKC Unstratified,Northern Unstratified,Single,Single,Northern Unstratified,standard
M-22,-171.13,59,West 166,BKC Unstratified,Northern Unstratified,Single,Single,Northern Unstratified,standard
M-23,-171.78,59,West 166,BKC Unstratified,Northern Unstratified,Single,Single,Northern Unstratified,standard
M-24,-172.43,59,West 166,St. Matthew Single,Northern Unstratified,Single,Single,Northern Unstratified,standard
M-25,-173.08,59,West 166,St. Matthew Single,Northern Unstratified,Single,Single,Northern Unstratified,standard
M-26,-173.72,59,West 166,St. Matthew Single,Northern Unstratified,Single,Single,Northern Unstratified,standard
M-27,-174.37,59,West 166,St. Matthew Single,Northern Unstratified,Single,Single,Northern Unstratified,standard
M-28,-175,59,West 166,St. Matthew Single,Northern Unstratified,Single,Single,Northern Unstratified,standard
M-29,-175.73,59,West 166,BKC Unstratified,Northern Unstratified,Single,Single,Northern Unstratified,standard
M-30,-176.32,59,West 166,BKC Unstratified,Northern Unstratified,Single,Single,Northern Unstratified,standard
M-31,-176.95,59,West 166,BKC Unstratified,Northern Unstratified,Single,Single,Northern Unstratified,standard
M-32,-177.6,59,West 166,BKC Unstratified,Northern Unstratified,Single,Single,Northern Unstratified,standard
ML2423,-172.1,58.83,West 166,BKC Unstratified,Northern Unstratified,Single,Single,Northern Unstratified,misc
ML2524,-172.75,58.83,West 166,BKC Unstratified,Northern Unstratified,Single,Single,Northern Unstratified,misc
ML2625,-173.35,58.83,West 166,BKC Unstratified,Northern Unstratified,Single,Single,Northern Unstratified,misc
ML2726,-174,58.83,West 166,St. Matthew Single,Northern Unstratified,Single,Single,Northern Unstratified,misc
ML2827,-174.62,58.83,West 166,St. Matthew Single,Northern Unstratified,Single,Single,Northern Unstratified,misc
ML2928,-175.25,58.83,West 166,St. Matthew Single,Northern Unstratified,Single,Single,Northern Unstratified,misc
ML3029,-175.92,58.83,West 166,BKC Unstratified,Northern Unstratified,Single,Single,Northern Unstratified,misc
ML3130,-176.55,58.83,West 166,BKC Unstratified,Northern Unstratified,Single,Single,Northern Unstratified,misc
ML3231,-177.13,58.83,West 166,BKC Unstratified,Northern Unstratified,Single,Single,Northern Unstratified,misc
N-01,-167.92,59.33,West 166,BKC Unstratified,Northern Unstratified,Single,Single,Northern Unstratified,standard
N-02,-167.27,59.33,West 166,BKC Unstratified,Northern Unstratified,Single,Single,Northern Unstratified,standard
N-03,-166.6,59.33,West 166,BKC Unstratified,Northern Unstratified,Single,Single,Northern Unstratified,standard
N-04,-165.95,59.33,East 166,BKC Unstratified,Northern Unstratified,Single,Single,Northern Unstratified,standard
N-05,-165.32,59.33,East 166,BKC Unstratified,Northern Unstratified,Single,Single,Northern Unstratified,standard
N-06,-164.65,59.33,East 166,BKC Unstratified,Northern Unstratified,Single,Single,Northern Unstratified,standard
N-07,-164,59.33,East 166,BKC Unstratified,Northern Unstratified,Single,Single,Northern Unstratified,standard
N-18,-168.57,59.33,West 166,BKC Unstratified,Northern Unstratified,Single,Single,Northern Unstratified,standard
N-19,-169.23,59.33,West 166,BKC Unstratified,Northern Unstratified,Single,Single,Northern Unstratified,standard
N-20,-169.87,59.33,West 166,BKC Unstratified,Northern Unstratified,Single,Single,Northern Unstratified,standard
N-21,-170.53,59.33,West 166,BKC Unstratified,Northern Unstratified,Single,Single,Northern Unstratified,standard
N-22,-171.18,59.33,West 166,St. Matthew Single,Northern Unstratified,Single,Single,Northern Unstratified,standard
N-23,-171.83,59.33,West 166,St. Matthew Single,Northern Unstratified,Single,Single,Northern Unstratified,standard
N-24,-172.5,59.33,St. Matthew MTCA,St. Matthew MTCA,Northern Unstratified,St. Matthew MTCA,St. Matthew MTCA,Northern Unstratified,standard
N-25,-173.15,59.33,St. Matthew MTCA,St. Matthew MTCA,Northern Unstratified,St. Matthew MTCA,St. Matthew MTCA,Northern Unstratified,standard
N-26,-173.8,59.33,St. Matthew MTCA,St. Matthew MTCA,Northern Unstratified,St. Matthew MTCA,St. Matthew MTCA,Northern Unstratified,standard
N-27,-174.45,59.33,West 166,St. Matthew Single,Northern Unstratified,Single,Single,Northern Unstratified,standard
N-28,-175.1,59.33,West 166,St. Matthew Single,Northern Unstratified,Single,Single,Northern Unstratified,standard
N-29,-175.75,59.33,West 166,BKC Unstratified,Northern Unstratified,Single,Single,Northern Unstratified,standard
N-30,-176.38,59.33,West 166,BKC Unstratified,Northern Unstratified,Single,Single,Northern Unstratified,standard
N-31,-177.07,59.33,West 166,BKC Unstratified,Northern Unstratified,Single,Single,Northern Unstratified,standard
NM2524,-172.82,59.17,West 166,St. Matthew Single,Northern Unstratified,Single,Single,Northern Unstratified,misc
NM2625,-173.43,59.17,West 166,St. Matthew Single,Northern Unstratified,Single,Single,Northern Unstratified,misc
NM2726,-174.07,59.17,West 166,St. Matthew Single,Northern Unstratified,Single,Single,Northern Unstratified,misc
NM2827,-174.7,59.17,West 166,St. Matthew Single,Northern Unstratified,Single,Single,Northern Unstratified,misc
NM2928,-175.23,59.17,West 166,St. Matthew Single,Northern Unstratified,Single,Single,Northern Unstratified,misc
NM3029,-176,59.17,West 166,BKC Unstratified,Northern Unstratified,Single,Single,Northern Unstratified,misc
NM3130,-176.63,59.17,West 166,BKC Unstratified,Northern Unstratified,Single,Single,Northern Unstratified,misc
NM3231,-177.27,59.17,West 166,BKC Unstratified,Northern Unstratified,Single,Single,Northern Unstratified,misc
O-01,-167.95,59.67,West 166,BKC Unstratified,Northern Unstratified,Single,Single,Northern Unstratified,standard
O-02,-167.28,59.67,West 166,BKC Unstratified,Northern Unstratified,Single,Single,Northern Unstratified,standard
O-03,-166.63,59.67,West 166,BKC Unstratified,Northern Unstratified,Single,Single,Northern Unstratified,standard
O-04,-165.97,59.67,East 166,BKC Unstratified,Northern Unstratified,Single,Single,Northern Unstratified,standard
O-18,-168.62,59.67,West 166,BKC Unstratified,Northern Unstratified,Single,Single,Northern Unstratified,standard
O-19,-169.27,59.67,West 166,BKC Unstratified,Northern Unstratified,Single,Single,Northern Unstratified,standard
O-20,-169.92,59.67,West 166,BKC Unstratified,Northern Unstratified,Single,Single,Northern Unstratified,standard
O-21,-170.58,59.67,West 166,BKC Unstratified,Northern Unstratified,Single,Single,Northern Unstratified,standard
O-22,-171.25,59.67,West 166,St. Matthew Single,Northern Unstratified,Single,Single,Northern Unstratified,standard
O-23,-171.9,59.67,St. Matthew MTCA,St. Matthew MTCA,Northern Unstratified,St. Matthew MTCA,St. Matthew MTCA,Northern Unstratified,standard
O-24,-172.57,59.67,St. Matthew MTCA,St. Matthew MTCA,Northern Unstratified,St. Matthew MTCA,St. Matthew MTCA,Northern Unstratified,standard
O-25,-173.23,59.67,St. Matthew MTCA,St. Matthew MTCA,Northern Unstratified,St. Matthew MTCA,St. Matthew MTCA,Northern Unstratified,standard
O-26,-173.87,59.67,St. Matthew MTCA,St. Matthew MTCA,Northern Unstratified,St. Matthew MTCA,St. Matthew MTCA,Northern Unstratified,standard
O-27,-174.45,59.67,St. Matthew MTCA,St. Matthew MTCA,Northern Unstratified,St. Matthew MTCA,St. Matthew MTCA,Northern Unstratified,standard
O-28,-175.1,59.67,West 166,St. Matthew Single,Northern Unstratified,Single,Single,Northern Unstratified,standard
O-29,-175.87,59.67,West 166,BKC Unstratified,Northern Unstratified,Single,Single,Northern Unstratified,standard
O-30,-176.53,59.67,West 166,BKC Unstratified,Northern Unstratified,Single,Single,Northern Unstratified,standard
O-31,-177.15,59.67,West 166,BKC Unstratified,Northern Unstratified,Single,Single,Northern Unstratified,standard
ON2524,-172.88,59.5,St. Matthew MTCA,St. Matthew MTCA,Northern Unstratified,St. Matthew MTCA,St. Matthew MTCA,Northern Unstratified,corner
ON2625,-173.5,59.5,St. Matthew MTCA,St. Matthew MTCA,Northern Unstratified,St. Matthew MTCA,St. Matthew MTCA,Northern Unstratified,corner
ON2726,-174.17,59.5,West 166,St. Matthew Single,Northern Unstratified,Single,Single,Northern Unstratified,misc
ON2827,-174.8,59.5,West 166,St. Matthew Single,Northern Unstratified,Single,Single,Northern Unstratified,misc
ON2928,-175.48,59.5,West 166,St. Matthew Single,Northern Unstratified,Single,Single,Northern Unstratified,misc
ON3029,-176.13,59.5,West 166,BKC Unstratified,Northern Unstratified,Single,Single,Northern Unstratified,misc
ON3130,-176.78,59.5,West 166,BKC Unstratified,Northern Unstratified,Single,Single,Northern Unstratified,misc
P-01,-167.98,60,West 166,BKC Unstratified,Northern Unstratified,Single,Single,Northern Unstratified,standard
P-18,-168.65,60,West 166,BKC Unstratified,Northern Unstratified,Single,Single,Northern Unstratified,standard
P-19,-169.32,60,West 166,BKC Unstratified,Northern Unstratified,Single,Single,Northern Unstratified,standard
P-20,-169.97,60,West 166,BKC Unstratified,Northern Unstratified,Single,Single,Northern Unstratified,standard
P-21,-170.63,60,West 166,BKC Unstratified,Northern Unstratified,Single,Single,Northern Unstratified,standard
P-22,-171.3,60,West 166,St. Matthew Single,Northern Unstratified,Single,Single,Northern Unstratified,standard
P-23,-171.97,60,St. Matthew MTCA,St. Matthew MTCA,Northern Unstratified,St. Matthew MTCA,St. Matthew MTCA,Northern Unstratified,standard
P-24,-172.63,60,St. Matthew MTCA,St. Matthew MTCA,Northern Unstratified,St. Matthew MTCA,St. Matthew MTCA,Northern Unstratified,standard
P-25,-173.3,60,St. Matthew MTCA,St. Matthew MTCA,Northern Unstratified,St. Matthew MTCA,St. Matthew MTCA,Northern Unstratified,standard
P-26,-173.95,60,St. Matthew MTCA,St. Matthew MTCA,Northern Unstratified,St. Matthew MTCA,St. Matthew MTCA,Northern Unstratified,standard
P-27,-174.6,60,St. Matthew MTCA,St. Matthew MTCA,Northern Unstratified,St. Matthew MTCA,St. Matthew MTCA,Northern Unstratified,standard
P-28,-175.27,60,West 166,St. Matthew Single,Northern Unstratified,Single,Single,Northern Unstratified,standard
P-29,-175.93,60,West 166,BKC Unstratified,Northern Unstratified,Single,Single,Northern Unstratified,standard
P-30,-176.72,60,West 166,BKC Unstratified,Northern Unstratified,Single,Single,Northern Unstratified,standard
P-31,-177.22,60,West 166,BKC Unstratified,Northern Unstratified,Single,Single,Northern Unstratified,standard
P-32,-177.93,60,West 166,BKC Unstratified,Northern Unstratified,Single,Single,Northern Unstratified,standard
PO2423,-172.25,59.83,St. Matthew MTCA,St. Matthew MTCA,Northern Unstratified,St. Matthew MTCA,St. Matthew MTCA,Northern Unstratified,corner
PO2524,-172.92,59.83,St. Matthew MTCA,St. Matthew MTCA,Northern Unstratified,St. Matthew MTCA,St. Matthew MTCA,Northern Unstratified,corner
PO2625,-173.58,59.83,St. Matthew MTCA,St. Matthew MTCA,Northern Unstratified,St. Matthew MTCA,St. Matthew MTCA,Northern Unstratified,corner
PO2726,-174.23,59.83,St. Matthew MTCA,St. Matthew MTCA,Northern Unstratified,St. Matthew MTCA,St. Matthew MTCA,Northern Unstratified,corner
PO2827,-174.87,59.83,West 166,St. Matthew Single,Northern Unstratified,Single,Single,Northern Unstratified,misc
PO2928,-175.57,59.83,West 166,St. Matthew Single,Northern Unstratified,Single,Single,Northern Unstratified,misc
PO3029,-176.23,59.83,West 166,BKC Unstratified,Northern Unstratified,Single,Single,Northern Unstratified,misc
PO3130,-176.82,59.83,West 166,BKC Unstratified,Northern Unstratified,Single,Single,Northern Unstratified,misc
PO3231,-177.52,59.83,West 166,BKC Unstratified,Northern Unstratified,Single,Single,Northern Unstratified,misc
Q-01,-167.98,60.33,West 166,BKC Unstratified,Northern Unstratified,Single,Single,Northern Unstratified,standard
Q-02,-167.3,60.33,West 166,BKC Unstratified,Northern Unstratified,Single,Single,Northern Unstratified,standard
Q-18,-168.68,60.33,West 166,BKC Unstratified,Northern Unstratified,Single,Single,Northern Unstratified,standard
Q-19,-169.33,60.33,West 166,BKC Unstratified,Northern Unstratified,Single,Single,Northern Unstratified,standard
Q-20,-170.03,60.33,West 166,BKC Unstratified,Northern Unstratified,Single,Single,Northern Unstratified,standard
Q-21,-170.67,60.33,West 166,BKC Unstratified,Northern Unstratified,Single,Single,Northern Unstratified,standard
Q-22,-171.37,60.33,West 166,St. Matthew Single,Northern Unstratified,Single,Single,Northern Unstratified,standard
Q-23,-172.07,60.33,St. Matthew MTCA,St. Matthew MTCA,Northern Unstratified,St. Matthew MTCA,St. Matthew MTCA,Northern Unstratified,standard
Q-25,-173.4,60.33,St. Matthew MTCA,St. Matthew MTCA,Northern Unstratified,St. Matthew MTCA,St. Matthew MTCA,Northern Unstratified,standard
Q-26,-174.07,60.33,St. Matthew MTCA,St. Matthew MTCA,Northern Unstratified,St. Matthew MTCA,St. Matthew MTCA,Northern Unstratified,standard
Q-27,-174.72,60.33,St. Matthew MTCA,St. Matthew MTCA,Northern Unstratified,St. Matthew MTCA,St. Matthew MTCA,Northern Unstratified,standard
Q-28,-175.38,60.33,West 166,St. Matthew Single,Northern Unstratified,Single,Single,Northern Unstratified,standard
Q-29,-176.03,60.33,West 166,BKC Unstratified,Northern Unstratified,Single,Single,Northern Unstratified,standard
Q-30,-176.72,60.33,West 166,BKC Unstratified,Northern Unstratified,Single,Single,Northern Unstratified,standard
Q-31,-177.38,60.33,West 166,BKC Unstratified,Northern Unstratified,Single,Single,Northern Unstratified,standard
QP2423,-172.33,60.17,St. Matthew MTCA,St. Matthew MTCA,Northern Unstratified,St. Matthew MTCA,St. Matthew MTCA,Northern Unstratified,corner
QP2524,-173.02,60.17,St. Matthew MTCA,St. Matthew MTCA,Northern Unstratified,St. Matthew MTCA,St. Matthew MTCA,Northern Unstratified,corner
QP2625,-173.68,60.17,St. Matthew MTCA,St. Matthew MTCA,Northern Unstratified,St. Matthew MTCA,St. Matthew MTCA,Northern Unstratified,corner
QP2726,-174.35,60.17,St. Matthew MTCA,St. Matthew MTCA,Northern Unstratified,St. Matthew MTCA,St. Matthew MTCA,Northern Unstratified,corner
QP2827,-175,60.17,West 166,St. Matthew Single,Northern Unstratified,Single,Single,Northern Unstratified,misc
QP2928,-175.68,60.17,West 166,St. Matthew Single,Northern Unstratified,Single,Single,Northern Unstratified,misc
QP3029,-176.37,60.17,West 166,BKC Unstratified,Northern Unstratified,Single,Single,Northern Unstratified,misc
QP3130,-177.02,60.17,West 166,BKC Unstratified,Northern Unstratified,Single,Single,Northern Unstratified,misc
QP3231,-177.63,60.17,West 166,BKC Unstratified,Northern Unstratified,Single,Single,Northern Unstratified,misc
R-22,-171.43,60.67,West 166,St. Matthew Single,Northern Unstratified,Single,Single,Northern Unstratified,standard
R-23,-172.12,60.67,West 166,St. Matthew Single,Northern Unstratified,Single,Single,Northern Unstratified,standard
R-24,-172.78,60.67,West 166,St. Matthew Single,Northern Unstratified,Single,Single,Northern Unstratified,standard
R-25,-173.47,60.67,West 166,St. Matthew Single,Northern Unstratified,Single,Single,Northern Unstratified,standard
R-26,-174.13,60.67,West 166,St. Matthew Single,Northern Unstratified,Single,Single,Northern Unstratified,standard
R-27,-174.82,60.67,West 166,St. Matthew Single,Northern Unstratified,Single,Single,Northern Unstratified,standard
R-28,-175.45,60.67,West 166,St. Matthew Single,Northern Unstratified,Single,Single,Northern Unstratified,standard
R-29,-176.2,60.67,West 166,BKC Unstratified,Northern Unstratified,Single,Single,Northern Unstratified,standard
R-30,-176.8,60.67,West 166,BKC Unstratified,Northern Unstratified,Single,Single,Northern Unstratified,standard
R-31,-177.5,60.67,West 166,BKC Unstratified,Northern Unstratified,Single,Single,Northern Unstratified,standard
R-32,-178.18,60.67,West 166,BKC Unstratified,Northern Unstratified,Single,Single,Northern Unstratified,standard
RQ2827,-175.12,60.5,West 166,St. Matthew Single,Northern Unstratified,Single,Single,Northern Unstratified,misc
RQ2928,-175.78,60.5,West 166,BKC Unstratified,Northern Unstratified,Single,Single,Northern Unstratified,misc
RQ3029,-176.47,60.5,West 166,BKC Unstratified,Northern Unstratified,Single,Single,Northern Unstratified,misc
RQ3130,-177.12,60.5,West 166,BKC Unstratified,Northern Unstratified,Single,Single,Northern Unstratified,misc
RQ3231,-177.77,60.5,West 166,BKC Unstratified,Northern Unstratified,Single,Single,Northern Unstratified,misc
S-22,-171.48,61,West 166,St. Matthew Single,Northern Unstratified,Single,Single,Northern Unstratified,standard
S-23,-172.17,61,West 166,St. Matthew Single,Northern Unstratified,Single,Single,Northern Unstratified,standard
S-24,-172.82,61,West 166,St. Matthew Single,Northern Unstratified,Single,Single,Northern Unstratified,standard
S-25,-173.5,61,West 166,St. Matthew Single,Northern Unstratified,Single,Single,Northern Unstratified,standard
S-26,-174.18,61,West 166,St. Matthew Single,Northern Unstratified,Single,Single,Northern Unstratified,standard
S-27,-174.88,61,West 166,St. Matthew Single,Northern Unstratified,Single,Single,Northern Unstratified,standard
S-28,-175.55,61,West 166,St. Matthew Single,Northern Unstratified,Single,Single,Northern Unstratified,standard
S-29,-176.28,61,West 166,BKC Unstratified,Northern Unstratified,Single,Single,Northern Unstratified,standard
S-30,-176.97,61,West 166,BKC Unstratified,Northern Unstratified,Single,Single,Northern Unstratified,standard
S-31,-177.63,61,West 166,BKC Unstratified,Northern Unstratified,Single,Single,Northern Unstratified,standard
SR3029,-176.55,60.83,West 166,BKC Unstratified,Northern Unstratified,Single,Single,Northern Unstratified,misc
SR3130,-177.23,60.83,West 166,BKC Unstratified,Northern Unstratified,Single,Single,Northern Unstratified,misc
SR3231,-177.72,60.83,West 166,BKC Unstratified,Northern Unstratified,Single,Single,Northern Unstratified,misc
T-25,-173.58,61.33,West 166,BKC Unstratified,Northern Unstratified,Single,Single,Northern Unstratified,standard
T-26,-174.33,61.33,West 166,BKC Unstratified,Northern Unstratified,Single,Single,Northern Unstratified,standard
T-27,-175,61.33,West 166,BKC Unstratified,Northern Unstratified,Single,Single,Northern Unstratified,standard
T-28,-175.67,61.33,West 166,BKC Unstratified,Northern Unstratified,Single,Single,Northern Unstratified,standard
T-29,-176.3,61.33,West 166,BKC Unstratified,Northern Unstratified,Single,Single,Northern Unstratified,standard
T-30,-176.97,61.33,West 166,BKC Unstratified,Northern Unstratified,Single,Single,Northern Unstratified,standard
TS3029,-176.67,61.17,West 166,BKC Unstratified,Northern Unstratified,Single,Single,Northern Unstratified,misc
TS3130,-177.32,61.17,West 166,BKC Unstratified,Northern Unstratified,Single,Single,Northern Unstratified,misc
U-25,-173.67,61.67,West 166,BKC Unstratified,Northern Unstratified,Single,Single,Northern Unstratified,standard
U-26,-174.43,61.67,West 166,BKC Unstratified,Northern Unstratified,Single,Single,Northern Unstratified,standard
U-27,-175.08,61.67,West 166,BKC Unstratified,Northern Unstratified,Single,Single,Northern Unstratified,standard
U-28,-175.78,61.67,West 166,BKC Unstratified,Northern Unstratified,Single,Single,Northern Unstratified,standard
U-29,-176.47,61.67,West 166,BKC Unstratified,Northern Unstratified,Single,Single,Northern Unstratified,standard
UT3029,-176.75,61.5,West 166,BKC Unstratified,Northern Unstratified,Single,Single,Northern Unstratified,misc
V-25,-173.75,62,West 166,BKC Unstratified,Northern Unstratified,Single,Single,Northern Unstratified,standard
V-26,-174.5,62,West 166,BKC Unstratified,Northern Unstratified,Single,Single,Northern Unstratified,standard
V-27,-175.17,62,West 166,BKC Unstratified,Northern Unstratified,Single,Single,Northern Unstratified,standard
V-28,-175.83,62,West 166,BKC Unstratified,Northern Unstratified,Single,Single,Northern Unstratified,standard
Z-05,-165.15,54.67,East 166,BKC Unstratified,Bristol Bay,Single,Single,Bristol Bay,standard
